{
  "ringkasan": {
    "perbelanjaan": {
      "tahunIni": {
        "tahun": 2026,
        "jumlah": 0
      },
      "tahunLepas": {
        "tahun": 2025,
        "jumlah": 0
      },
      "bulanIni": {
        "bulan": "JUN",
        "jumlah": 0
      },
      "bulanLepas": {
        "bulan": "MEI",
        "jumlah": 0
      }
    }
  },
  "paparanBulanIni": {
    "Tahun": 2026,
    "Bulan": "JUN",
    "Jumlah": 0,
    "JumlahKumulatif": 0
  },
  "paparanBulanLepas": {
    "Tahun": 2026,
    "Bulan": "MEI",
    "Jumlah": 0,
    "JumlahKumulatif": 0
  },
  "graf": {
    "0": {
      "tahun": "0",
      "labels": [
        "JAN",
        "JAN",
        "JAN",
        "JAN",
        "FEB",
        "FEB",
        "FEB",
        "FEB",
        "MAC",
        "MAC",
        "MAC",
        "MAC",
        "APR",
        "APR",
        "APR",
        "APR",
        "MEI",
        "MEI",
        "MEI",
        "MEI",
        "JUN",
        "JUN",
        "JUN",
        "JUN",
        "JUL",
        "JUL",
        "JUL",
        "JUL",
        "OGO",
        "OGO",
        "OGO",
        "OGO",
        "SEP",
        "SEP",
        "SEP",
        "SEP",
        "OKT",
        "OKT",
        "OKT",
        "OKT",
        "NOV",
        "NOV",
        "NOV",
        "NOV",
        "DIS",
        "DIS",
        "DIS",
        "DIS"
      ],
      "data": [
        0,
        7611.05,
        0,
        0,
        0,
        6201.57,
        0,
        0,
        0,
        8375.25,
        0,
        0,
        0,
        2499.95,
        0,
        0,
        0,
        2713.45,
        0,
        0,
        0,
        3341.9,
        0,
        0,
        0,
        2754.25,
        0,
        0,
        0,
        6940.35,
        0,
        0,
        0,
        3116.15,
        0,
        0,
        0,
        8953.66,
        0,
        0,
        0,
        9799.25,
        0,
        0,
        0,
        15845.6,
        0,
        0
      ],
      "dataKumulatif": [
        0,
        7611.05,
        7611.05,
        7611.05,
        7611.05,
        13812.619999999999,
        13812.619999999999,
        13812.619999999999,
        13812.619999999999,
        22187.87,
        22187.87,
        22187.87,
        22187.87,
        24687.82,
        24687.82,
        24687.82,
        24687.82,
        27401.27,
        27401.27,
        27401.27,
        27401.27,
        30743.170000000002,
        30743.170000000002,
        30743.170000000002,
        30743.170000000002,
        33497.42,
        33497.42,
        33497.42,
        33497.42,
        40437.77,
        40437.77,
        40437.77,
        40437.77,
        43553.92,
        43553.92,
        43553.92,
        43553.92,
        52507.58,
        52507.58,
        52507.58,
        52507.58,
        62306.83,
        62306.83,
        62306.83,
        62306.83,
        78152.43000000001,
        78152.43000000001,
        78152.43000000001
      ]
    },
    "2025": {
      "tahun": "2025",
      "labels": [
        "JAN",
        "FEB",
        "MAC",
        "APR",
        "MEI",
        "JUN",
        "JUL",
        "OGO",
        "SEP",
        "OKT",
        "NOV",
        "DIS"
      ],
      "data": [
        0,
        0,
        0,
        0,
        0,
        0,
        0,
        0,
        0,
        0,
        0,
        0
      ],
      "dataKumulatif": [
        0,
        0,
        0,
        0,
        0,
        0,
        0,
        0,
        0,
        0,
        0,
        0
      ]
    },
    "2026": {
      "tahun": "2026",
      "labels": [
        "JAN",
        "FEB",
        "MAC",
        "APR",
        "MEI",
        "JUN",
        "JUL",
        "OGO",
        "SEP",
        "OKT",
        "NOV",
        "DIS"
      ],
      "data": [
        0,
        0,
        0,
        0,
        0,
        0,
        0,
        0,
        0,
        0,
        0,
        0
      ],
      "dataKumulatif": [
        0,
        0,
        0,
        0,
        0,
        0,
        0,
        0,
        0,
        0,
        0,
        0
      ]
    }
  },
  "tarikhKemaskini": "2026-06-24T04:46:12.141Z"
}